12.5,-21.650635094611
13.9555414044429,-20.7213925665422
15.9186772601598,-19.2660004141049
17.9670623061495,-17.3616604627533
19.7902746758151,-15.2354297399715
21.3790194836122,-12.9260660306038
22.702682396999,-10.4548003946443
23.7156786190841,-7.84063790496836
24.4440123642195,-5.13399047502736
24.8796307655507,-2.36458613228118
24.9807914674502,0.436908405682066
24.7654646087359,3.23176418744147
24.2549599668577,5.98797576867426
23.4416341433871,8.67081306657477
22.3085641851724,11.2351939948326
20.908840923615,13.6636050549493
19.2578148561809,15.9293448869373
17.3469620262647,17.9805227469749
15.2178214439022,19.8037859966014
12.9073507661221,21.390950399555
10.4342950995701,22.7111759683192
7.81947239938815,23.7223591320425
5.11232035303176,24.4488096230773
2.34258124017469,24.8825277645556
-0.459081758133142,24.9798166233942
-3.25376907954797,24.7625676097309
-6.00964589066986,24.2501627079998
-8.69131836164902,23.4331405720669
-11.2548841033703,22.2983217486641
-13.682320319431,20.8969100076723
-15.9469531830066,19.2443035353946
-17.9955123560121,17.3305937795423
-19.8172973173877,15.200213147833
-21.4028813154977,12.8886355016404
-22.7196695396394,10.4137898044958
-23.7290396450009,7.79830689380793
-24.4536068819352,5.09065023103614
-24.8854247635606,2.32057634806819
-24.9788417793382,-0.48125511058423
-24.7596706107259,-3.27577397165447
-24.245365449142,-6.03131601266546
-23.4246470007467,-8.71182365672325
-22.2880793121558,-11.274574211908
-20.8849790917295,-13.7010355839127
-19.2307922146083,-15.9645614790758
-17.3142255328199,-18.0105019650493
-15.1826048517637,-19.830808638174
-12.8699202371588,-21.4148122314405
-10.3932845094216,-22.7281631109596
-7.77714138822778,-23.7357201579593
-5.0689801090406,-24.458404140793
-2.29857145596176,-24.8883217625656
0.503428463035239,-24.9778669352822
3.29777886376089,-24.756773611721
6.05120781573525,-24.2409618685579
8.72550715785628,-23.4189791089966
10.967481662194,-22.4465496630843
-0.461499718849326,7.48223583658261
-7.24044888707562,-1.40491960440127
4.59862161473219,4.8910443418119
9.65319512843597,-13.7361798906587
-13.2902785663908,17.9971182572646
-11.1849616176982,19.2800508169386
-9.01682391184856,20.4724636769424
-15.265757571063,16.3199106979654
-6.59225672591093,21.3542941155602
-16.9424745846168,14.5547623188202
-4.21838510147684,21.9403381469091
-18.4958848877314,12.5273675517146
-1.69206782259933,22.2825564019603
-19.7582860091352,10.4408604508361
0.753325113018648,22.346643202147
-20.8500387043912,8.10371583417841
3.32548787785253,22.1238844945412
-21.5412705563282,5.72691847579918
5.72169016804354,21.542745804322
-22.1231763927612,3.33098864467651
8.097943948834,20.8530942429624
-22.3343970551665,0.747894058842702
10.4358146359139,19.762773860622
-22.2719789713859,-1.68603264797731
12.5280673425082,18.4991955769449
-21.9370418707256,-4.2179918779792
14.5562240564592,16.9542448988634
-21.3555058016518,-6.58661774190456
16.331218463008,15.2703119965414
-20.4746138328434,-9.01130159471985
17.9937292800018,13.2946688601123
-19.282796603729,-11.1803427741827
19.2775878194399,11.1893854616661
-18.0005071319101,-13.285888193928
20.4704933385438,9.02164386381244
-16.3232117363353,-15.2624872316589
21.352951696099,6.59763584493206
-14.5578418003267,-16.9407121196687
21.939166712447,4.22480237925847
-12.5300459218228,-18.4942673858135
22.2810353057389,1.69824440173719
-10.4449773826447,-19.7559364154686
22.3456968684768,-0.747624458421081
-8.10842271130972,-20.8480591626541
22.1245924680735,-3.31998709414444
-5.73167018482838,-21.5398031745456
21.5420030114241,-5.72563978624835
-3.33648939461849,-22.1224681627492
20.8535699753226,-8.11381886314079
-0.793598681154236,-22.3505947333602
19.7917744841269,-10.5462505227821
1.64586809658096,-22.3371214167987
18.3178299885786,-12.6772511616838
4.19111210901564,-22.0233081396786
17.2171000416496,-14.8553678353727
6.72084423808765,-21.3567960371361
15.140293968742,-16.2564864281382
9.22100754453194,-20.6646846216085
13.1393211356033,-18.2199021845771
11.6713187589535,-20.214004790628
-10.9300089121473,16.513767367524
-12.9839385336016,15.5400910221408
-8.91665193424651,17.6727888941653
-7.0411651538726,18.9683655536423
-14.2122607173828,13.6187166476387
-4.74871718741771,19.1053277951217
-16.0464604775276,12.2704202986598
-2.67263270958563,20.0295889689722
-16.8680459906912,10.1522928087481
-0.421557738702355,19.7114843137502
-18.3809246685602,8.44091247847814
1.80636668973161,20.1700104535077
-18.8011324046315,6.19446566831409
3.94657673316687,19.4063592980921
-19.4052319721222,3.95038893126518
6.18952749286725,18.8022375429419
-20.1694074746935,1.80968695373048
8.43180788533626,18.3925250591885
-19.6795307756182,-0.417347400089663
10.1491205529622,16.8695003550447
-20.0224014415092,-2.66810940790535
12.2673958846089,16.057096436208
-19.1067258123347,-4.74667021818782
13.6360928895806,14.2353322034654
-18.9698238273592,-7.03125821294508
15.5381710886553,12.9867122664078
-17.6755247457452,-8.91236365825109
16.5118695809377,10.9335018737747
-16.5160685118026,-10.9264398294101
17.6708776626847,8.920429248705
-15.5430424093535,-12.9806272877357
18.9669699865511,7.04541618232252
-13.6221244182899,-14.2090169844747
19.1045414158072,4.75429042188702
-12.2704129014267,-16.0494828194216
20.0281211222847,2.68218526136905
-10.1560433594931,-16.8656522757449
19.7080929405566,0.426047713821746
-8.44471126487856,-18.3789027013705
20.1702664964871,-1.80194094102059
-6.19844759448516,-18.7998020956198
19.4072573431123,-3.94242648595886
-3.9537669019395,-19.4038078438705
18.7980382908809,-6.21602189320523
-1.8115773395179,-20.1683216519131
18.3773587755464,-8.5018331548398
0.415173229068234,-19.7782397726224
16.7811577895878,-10.3845179703875
2.66871949198239,-20.1054584669758
15.06800257852,-13.0719038188296
4.83651906350915,-19.2547754115719
7.39818921750435,-18.6654667510714
12.0348488248101,-15.4251606013538
10.2819390516891,-18.147108644977
-11.2267427536325,13.2437219948396
-8.61577523964324,14.8222347065783
-5.95041423663162,16.2778953138774
-13.7580025612184,10.5134080950028
-2.28089532182428,17.1756362831703
-15.7316177461997,7.35304301101121
1.37740817829232,17.3802288600541
-16.5758873510322,4.42174859417635
4.37093744071961,16.6308626374433
-17.2767969636256,1.45621938133619
7.30094284414728,15.7186023435035
-17.1323905790993,-2.29130091021011
10.5074037793772,13.7432290723032
-16.3223205632194,-5.92217602002885
13.2426242077992,11.2575013418523
-14.8656421178056,-8.59949388577519
14.8286439476108,8.63400964654514
-13.2474671682418,-11.1854229960005
16.2766577983281,5.95395398306071
-10.502962992654,-13.7431656085148
17.1475118919092,2.29016039791748
-7.35475417244066,-15.7302135429331
17.32742860846,-1.40253138503418
-4.42349861172586,-16.6223530958679
16.6387399037461,-4.37841599035972
-1.39757910783426,-17.3300799066065
15.8074678435747,-7.31635625049823
2.21309458649861,-17.2846847882852
13.8345145645759,-10.0581793283152
11.820925464795,-12.249449518969
5.43243529470646,-16.5440463638961
8.69827759522381,-15.9491653546818
-8.60778174998056,12.1369019075053
-10.3192200959529,9.92637515592196
-6.22577191842635,13.0241259246178
-3.28921510041264,13.8946393898615
-12.3418935848602,7.36056832423634
-0.234568334472495,14.3739549249605
-14.0002858856947,5.15908899747587
2.49189348373322,14.7696026870589
-14.2091923403018,2.59614348073558
4.78749257436714,13.7219385492068
-14.2370190151536,-0.47473793372788
7.38437848513333,12.2880021734288
-13.8570677146644,-3.5256229163883
9.93347828309039,10.3073030518084
-13.5726597524777,-6.28592996388356
12.1464676837024,8.62498917961821
-11.9386530393864,-8.20878842405689
13.060577669367,6.24620815028305
-9.84469234918409,-10.2888652644835
14.0312332425234,3.37192693075981
-7.33302625960933,-12.3251518005082
14.3333798371139,0.252646450485045
-5.1370983304019,-14.0257358792654
14.7237042195331,-2.48671439937153
-2.63574106408776,-14.3144500534796
13.7741605315972,-4.79068635556685
0.309161845588247,-14.6128013638146
12.4362245238562,-7.33676946931173
3.37704615268186,-14.155446448066
10.587124857264,-9.52793501412297
6.60659012672315,-13.2790553876581
9.13816457498137,-11.6537481956182
-6.83640877383657,9.76504167768738
-9.17366860165875,6.99947175202488
-1.22876908935725,10.9662328396697
-11.1847132562861,4.04760342003846
2.07903068564105,12.1185097249964
-10.8276077926678,-1.76439168805552
7.18223325473761,8.96705958703481
-11.0550766239455,-5.17732727936652
9.79419233075489,6.80628963106806
-7.00206197947371,-9.17167380832989
11.3877499159341,1.38502762271906
-4.01605924059755,-11.3482991337705
11.8146448151199,-2.14816845278646
1.36474279841971,-11.7099023779226
9.34177208617464,-6.92246792275891
4.22071577545204,-11.0996951706389
-4.22318976250911,11.2290759983371
-11.8994931763139,1.14598692619498
4.64703939191788,10.6723029272736
-9.05154816395671,-7.22279082990962
11.4339568540793,4.27293917730185
-1.21238264738714,-12.2605590143211
11.2344155565734,-4.99389547645154
7.22162491557596,-9.65528742925009
-5.75899745037974,6.47219265107535
-7.75053287033736,3.86483674272584
1.83460383907709,9.18541420658732
-8.29222952162167,-4.13810829165383
6.89875000603064,5.79876499680637
-3.63030329231327,-8.10012391288633
8.44802995603155,-0.328255797495926
1.85788268161399,-8.9036848074351
-3.57568095497729,8.57196645069964
-9.23172928232152,1.17713294808051
4.47221158633817,7.73641869285616
-6.14334417193899,-6.2786576361522
8.75054958068156,3.34720083408929
-1.05704959533066,-9.71549174380907
8.91300768086429,-3.82206104789286
6.25610332787173,-6.16123335064264
4.5376886554822,-8.39244163529598
-4.59495335003282,3.50125588320408
-2.53286041999647,5.59807946390011
-6.11861255612629,0.855061231791115
2.28542489096298,5.71867878560411
-5.1602608956279,-3.54562569552143
6.19234472150895,2.6047799871118
-0.535229191592417,-6.47290658863592
6.52589424048745,-2.87287162108308
2.86706288701853,-6.08501575920192
-3.4319115648101,1.03031410467972
-1.59989602062141,2.68780102052216
0.937619089379278,-3.37635914601918
0.684627308880188,1.72213750534421
0.288446702601533,4.34590118020929
-2.03750330642807,-3.46106172922418
2.33301247437981,-0.458477162487939
-0.950576555726933,-0.492602362138049
-3.97919527982072,-1.31333224964792
-3.45589254208665,-5.52342671513304
3.14055617560312,2.68200979155332
4.01263763656002,-3.32989815598922
5.10553696883384,-0.24764831648884
7.79893770702318,-6.54185063670077
9.12738988351947,-5.37226448532588
7.58455550436801,-4.99164719926775
-7.76633920434865,-2.77151394802755
-9.03402833987171,-1.5846556462284
-9.55991865714473,-2.95124998985467
-2.40222502216727,9.76909964518466
-2.72597942593318,11.0976544190034
-3.8994353587432,9.90052122451836
0.302917374859921,10.0758235231285
-0.845134404103288,9.22423433812615
0.686552060113884,8.33382502158496
-2.01859033691331,8.02710114364112
-2.34367644382197,-8.9078078283477
-3.82318126645541,-9.7242115233284
-2.53655441796411,-10.5318954387898
-2.61422094399235,-11.8044290740458
-1.1347161213589,-10.9880253790651
2.36247278431626,-7.49435028331851
3.1977856685481,-8.64806322136554
3.70237577125037,-7.23872869724895
-10.0533123939511,-6.20005905463807
-8.67188884278919,-5.68044956078172
-9.67365307278358,-4.65771778551018
8.59928976835655,1.50947251829668
9.9178899359828,0.528385912611565
10.0691497483078,2.36611422840417
-3.05427068748688,7.08502295729987
-1.4971800694229,6.54015765024136
7.71945096067587,-3.34746633448797
8.68051881844792,-2.07515842269439
7.4869620982595,-1.6005637092895
6.77678346243269,-0.287952056992383
7.32018733877025,1.13826209480794
5.64894084517139,1.17856583531148
6.39099878417959,-4.51705248586286
-6.72624520862479,-3.84186699358763
-7.21778684678033,-5.20838296390301
-5.65180253378345,-4.91214166583681
7.47144715109525,2.97599041060055
-2.06637822030894,4.14294024221113
-3.56390688501464,4.54966767355209
-3.09742468532711,3.09452845186312
21.7781261861608,-9.28430962889255
23.2091805080415,-9.14771914980633
22.2846242972034,-7.97722838405458
-6.67953072160096,-0.274929186305078
-7.6751709192239,1.01609708993581
-8.23608908469857,-0.113893328160378
22.6288408152541,-6.78313884560835
24.0798454916518,-6.48731418999786
22.9930076878218,-5.42981513063785
-7.59744616794785,-6.75072423303091
7.8246497933561,4.57298291544783
6.54554736376979,4.20177249195908
3.44202325284758,5.30486156370801
2.71299053328305,4.20034428857872
3.86958889516765,3.78652706668261
23.2843024161465,-4.2269887845859
24.6618215648851,-3.74928830365427
23.5021116168121,-2.84228661321281
5.39689599167697,-7.27683749296931
4.56158310744513,-6.12312455492228
-23.5043005781609,2.82578249637235
-23.6099109093635,1.53423520345544
-22.2287867239639,2.03944135175961
-0.79613939346154,-8.0941991662225
0.400416543141665,-9.30958827562208
0.661326745010787,-7.68829569803551
7.14373572085063,19.8276658929521
6.90981705843877,21.1979200236422
5.95560883045539,20.172491673632
-4.01343245742146,2.2657849939419
-2.51590379271576,1.85905756260094
23.3523156605914,3.72828328334997
24.5102122877968,4.60986997805786
23.0970633396523,5.10638907396636
-1.12220685869747,4.9719903220547
-0.0865265081238964,5.91406850839595
23.5232499572374,2.46500429458933
22.1101010090929,2.96152339049783
5.13437048221587,-4.74556575331593
5.26926593852373,-3.10138488853615
-20.1626648145055,-6.80893797742482
-20.9150598172476,-7.7989596683122
-19.7222188301013,-8.02127990383246
21.8332977397488,-4.52281344019639
13.5474312700231,-19.4706473755597
14.9371093323014,-19.9936964903236
14.5289991978816,-18.742951299341
23.6126638170137,-1.55610529535113
22.2351446682751,-2.03380577628276
17.5920811738996,-16.108514149063
18.8786684909823,-16.2985451013624
18.5036873587324,-15.0453987876721
-3.54309791719996,-6.81177531400969
-2.08276624195285,-7.28651525076112
-1.99556086683953,-5.99816665188448
19.0540523321969,-13.9563404508277
17.7674650151141,-13.7663094985283
4.8341334506052,20.4745525512071
4.52358902294803,21.8333151494316
3.6360323055097,20.7651218963166
-21.7848541220153,9.25875281933711
-23.2243545923201,9.10604834915187
-22.289539174696,7.95101136399317
-1.28636624901024,-4.96698415893005
0.201194948893431,-4.92463286732755
-0.549942108524397,-3.41871043762168
1.16591684771306,-6.27896117391892
1.90234098819891,-4.73068745261055
15.5294856144509,-17.7612434211216
16.9428697831547,-18.3138304384291
16.5536781374458,-16.8090734454457
3.43985026178927,-4.70745695759557
-20.5218838415302,-4.48233104808351
-21.6462738361887,-5.40230480994188
-20.2311158069933,-5.66664398004619
-22.6351551006646,6.76261268480356
-21.1956546303597,6.9153171549888
17.0924133095606,-7.90909470266902
18.5876985332137,-7.35892752402251
17.3027530672278,-6.76618907185173
-15.9360336665733,-17.475607042359
-16.2484151922918,-18.9206553016116
-14.8702233260452,-18.3857603789213
8.97325735119411,-22.0418318653026
9.84649441002512,-22.9327643860405
10.094244603363,-21.5556171423464
-0.655724659009937,3.51685110036572
5.81571560466064,-1.56025996878596
1.91259174224165,2.20207364844877
1.50881989163,0.631830171428137
2.73678432499146,1.11176631453269
20.5846470797137,-14.0807478852877
19.8484247360954,-12.8016585961438
-15.440526768331,-16.1015996756638
-16.8187186345776,-16.6364945983541
-1.27523628817417,1.09759932919206
-2.19124406026852,0.268855871270837
-5.60982208344817,-1.3591259270246
-5.0489039179735,-0.229135508928402
-0.45763435587061,2.20496926293319
0.48653700574086,3.03401934277675
1.28693579678226,5.0322899829067
1.71450143910232,3.51395548588131
-17.7770019754718,-15.6135243553674
-18.2725088737141,-16.9875317220626
2.47512836296965,-3.3531286510042
-0.132974623423373,0.614767571603082
-4.56972808772431,-2.42947897258467
-3.59888210102799,-3.5033437123728
-3.00834929312439,-2.38719698943605
0.69121795932644,-0.475539762312994
-1.4940399310775,-1.97683204568112
-0.00647873317382724,-1.93448075407861
1.63531578187955,-1.91741815425356
-19.4427431118198,-13.4934618889204
-20.0578856531689,-14.8327985314943
-18.6156496732592,-14.6252248365019
-21.1471902064476,-2.17707102794133
-22.1045104210558,-2.95201226297825
-20.9797216561174,-3.44305064294227
16.2497608051477,8.77721944762507
17.0913736218112,9.92696556123987
15.6702567642743,9.78375576015993
-3.7360770905124,23.35145287832
-4.63170748510892,24.5063651588654
-5.11401549607335,23.0952504274545
22.8039558314783,6.29280580680316
23.8482970551224,7.32939441762452
22.3972929197431,7.63422445575341
16.1786970051958,-15.5559271317555
3.17282505546991,-1.89418765923858
3.71927472160683,-0.353062739488389
4.55908730269693,-1.78877323623903
0.911962586056828,6.60045731109336
2.06001436502004,7.45204649609572
21.9560637409654,8.84622846519361
22.8750991642798,9.95300353070369
21.3895287618581,10.1284189293225
9.26611952420203,21.7821351056408
9.12688374947911,23.2167675501808
7.95870817411107,22.2877266875024
6.77058128371584,22.6325524681823
21.646059204273,5.41121911209526
-8.85407113674879,21.9528021245046
-9.97310123250966,22.8657311603655
-10.1358540076094,21.3853927128033
14.1398075521727,-17.2381943063577
-13.8563253867932,-19.1625380119937
-14.0262625444612,-20.6228104348072
-12.6999830794908,-19.954539808627
-6.3009513082904,22.80222841178
-7.35048212615944,23.8416516400334
-7.64178754377997,22.3937173438135
-2.46488591777382,-0.902967305892984
-1.546085068558,-23.6194582479629
-0.897571496463259,-24.9330943489239
-0.145085109059499,-23.6642308343212
-3.70555342231541,-0.141509072484098
4.12304657221848,1.21718073753224
4.66645044855603,2.64339488933256
-6.20035489135176,-2.47527264996135
-2.06504403788636,-22.2365314480547
-2.81753042529012,-23.5053949626574
1.54795317659667,23.6145854833513
0.941749741020774,24.9311721939749
0.147121677442753,23.6632299127706
20.7930760023062,11.2122897282493
21.6087025543937,12.4493995248909
20.0932143715275,12.4264952583077
-11.6574488099018,-20.5853743234545
-11.6316023732902,-22.0714876712
-10.4191309460332,-21.2420497632141
24.9302111165004,-0.963838863299559
23.6632441679635,-0.155358026369507
23.6309133865946,1.06757640370963
24.873128038093,1.83433629656177
10.7370602966155,-12.9928147048138
10.4795450198882,-11.9515988572936
9.39567985170867,-12.6949640431384
-4.79961835701282,-5.90104217564262
-4.88682373212613,-7.18939077451927
-19.0696053388477,9.44088646465714
-20.3041623567632,9.27228814250728
-19.6154816864757,8.27231415632827
17.7945166595944,15.5998284417393
18.3023884412228,16.9549338169561
16.8390902446363,16.6254173717581
-2.74669792425736,-4.49224422217861
-4.30807671885728,-4.53452620532723
1.0746482798081,-23.6574941760405
1.90060366339806,-24.8673202735016
2.47182348017092,-23.5469475142599
3.74444548638826,-23.3900408756998
4.67449333974807,-24.4988677401395
5.12115996237545,-23.1321350041183
-20.5805836623164,11.6647479762383
-22.0612754275686,11.6512126530681
-21.2389777743873,10.427325127666
-19.1565911025595,13.8637903497738
-20.6100893164427,14.0444243247367
-19.9493831016146,12.7080015266775
5.39548316812057,3.74791216446185
5.74868581038141,5.34490466930913
-4.20273475182954,-23.2904361517711
-3.68377578250118,-24.6733629516793
-20.7854379579424,-11.2274584930453
-21.5865292019427,-12.4878048979103
-20.0838878477293,-12.4406891790477
-11.4875116522338,-19.125101900641
-7.80454031887975,20.9133788962513
6.46589637620995,24.0855843775599
5.41700526053765,22.9957777136997
4.51381558626239,-20.6390417756253
5.45597817355164,-21.6900520884073
5.7786816507984,-20.305785724354
-15.6063553770348,17.78210711668
-16.9712327695093,18.2874486574685
-16.6306349635375,16.8252522387538
-9.25085361036567,-21.7881111368069
-9.0852129488247,-23.2319416344594
-7.94278204976875,-22.2918896603067
-6.75440578652808,-22.6377616662524
-6.92004644806905,-21.1939311685998
-6.42306074863419,-24.0970621493761
-5.40032514693449,-22.9991036576693
-9.27670004697723,-20.3019977890614
-14.3952547887976,-12.0830251418681
-14.5825834138217,-13.5948221361052
-13.4347957932659,-12.6972199902376
-23.2883916373482,4.21081943785633
-24.6695158227479,3.70561328955217
11.671582701018,20.5768621300885
11.6708229328461,22.0510631839371
10.435054867742,21.2369749144706
15.951593041362,17.4673838229192
15.4437212597336,16.1122784477024
9.26687929237396,20.3079340517922
22.3133660871078,0.475309971658053
20.5853969838695,-11.736158276693
22.0408509403056,-11.6904332126241
21.2472284405629,-10.5005254587132
19.0548022363527,-11.611750842233
6.38602602691145,-22.798878952847
7.38835748679576,-23.8299704887773
7.72317569797196,-22.3878875730664
11.3194002105737,-21.3302772268561
11.733740831097,-22.0485923788476
12.0856593794768,-20.9323199426195
4.21890411544214,23.2863470588092
3.72745079660322,24.6656686938165
2.83403455901361,23.5032061295484
-17.4689934703144,15.9426780491813
-18.9064048366999,16.2654034636876
-18.3798859510022,14.8774877333266
-22.8004356253969,-6.30896687728501
-23.8350062249444,-7.37156983469435
-22.3900764011992,-7.6492206993139
-19.1270854484333,11.4841140012754
7.97092589130979,-21.0107403293723
-21.8322234745447,4.52895356023785
-22.9974387191317,5.40878435341766
17.7183890973135,-5.29721894178247
16.2231038736604,-5.84738612042897
16.2943128165812,-8.85043711044287
17.5792582825671,-9.44317556261366
-12.1053406436171,14.3919065084902
-13.5980996254922,14.5794038348897
-12.7195017355077,13.4312193212392
-17.1618594341227,-14.2741877127935
-13.5439438610747,-17.7174897527411
-18.6416518678195,-12.2331154840554
-24.091323263468,6.44447856242204
-13.9851316393006,12.0660623713207
-12.4923726574254,11.8785650449212
-1.07557479036623,23.6311865126772
-1.85642541884055,24.8711921165625
-2.47291845107365,23.5225620058456
-5.40532091369388,21.6473161312347
16.1425513100848,-13.9636358271012
16.6929162835493,-12.8745774902567
-2.95522646203808,22.1114472744347
-21.9496304167951,-8.86156262572155
-22.8563631564512,-9.99319893431562
-21.3813465724996,-10.1429379033139
-19.8787052182862,-10.0958221844513
10.4461631517427,-20.4393447061182
15.9245801840539,-11.7282108946086
17.5494938890832,-11.5308845660357
21.1977864933733,-6.91972932469457
20.3226722297247,-9.33003469296146
-13.4862994429109,19.4470141324685
-14.8146367512188,20.0706067715334
-14.6186158746987,18.6207108963296
-11.2199228605343,20.7891862828013
-12.4686022114007,21.5976158781682
-12.4336409685646,20.0884804123054
-15.1293605974552,12.9445684731492
-14.902231519373,11.3919141968313
20.5218540641271,4.48954640057274
20.2287465559531,5.67596313340954
-11.3430446406579,-17.6799598307792
-10.3005103710689,-18.3107943456067
-11.2132281304599,-16.4575675475832
-12.4002294116247,-17.2718751026175
-16.7717747706318,-13.1332577408319
-15.9331270728444,-14.1215572596973
-0.46937135479034,22.3145998020537
-16.4572532341094,11.2113565537039
-15.3130242759548,10.3328504518754
0.42613470771336,-22.3438580750795
2.9184901027983,-22.1802147782387
13.8729443932052,19.1514907867732
14.0625861050122,20.5973681980782
12.7177090543152,19.94507298825
-2.18235026609248,21.1560726854663
-3.44550890553123,20.9849635579407
-23.3483562407258,-3.74688292481683
-24.502518029934,-4.65354499215996
-23.0912036599338,-5.12465394532233
13.2277707022215,-21.1860138305766
12.8134300816982,-20.4676986785851
12.4053199472784,-19.2169534876026
-10.1008927647734,19.8762572469405
-12.2376200920445,18.6385845371016
19.8740405789918,10.1055146627392
19.4512851018084,13.4791369575308
20.083327889898,14.7964749709433
18.6257720680913,14.6120068735248
16.2823917350835,18.8921543717881
14.8870227501807,18.3790154477324
18.6356585497208,12.2420271608892
20.9117225173214,7.80963985437225
21.0268949045167,-0.160788372299667
20.9945641231478,1.06214605777947
-1.54709522414399,19.8705366413612
-1.05681278065084,20.9970203578552
21.1474294822803,-2.56096401758251
21.2579816824819,-1.27478269972083
-14.2780180687269,17.158514477615
-8.96673792304754,19.0726262855538
-10.0508067759724,18.4764198555519
-11.0574852649227,17.8969090922313
-12.110143739269,17.2554428123943
2.03940649543559,22.2352638483441
-23.6254103753621,-1.08364387928077
-24.8692561950321,-1.87851454111935
-23.5158247910559,-2.48090330981589
18.5878165070969,2.48617282964326
19.566331269046,3.71823784162803
18.1260266538582,3.52222540990225
14.9836556762943,14.7528221000033
14.0961584730199,15.5947885511644
-24.9321332714494,0.919660618741979
-23.6566194172523,0.133319474129236
-22.3031880132762,-0.469069294567302
-16.1041160778399,15.4373365083928
-9.44484432376165,-19.0674195584196
-8.27656698809414,-19.6134809320123
17.1624738715049,14.2824904283268
17.6905996070677,5.35412220247386
19.0357557011792,5.89985330210477
17.6218138924396,6.49968508269162
9.75147329811054,-19.4058966332928
10.9766289053213,-19.1805567178025
7.059516727796,-20.0111313941038
8.30959838101814,-19.66507568634
17.8947287001888,11.0614436677204
17.2527994304697,12.1140853669435
-19.038274819847,-5.88896421556645
-17.7191797361741,13.5410649352674
-17.6819654392113,11.3398301802313
-18.3131659999132,10.2965766297921
-4.53407978972343,-21.8311356686474
19.0706855006142,8.97103655625872
18.4742327410623,10.0549073551855
-17.2711726826295,12.3988939251872
20.159960841325,6.82152601362729
19.7187316625474,8.03353002306748
-6.81671093989176,20.1613298346012
-8.02899453286058,19.7204146152923
-13.1371085499962,16.7686046397027
-11.9569737228744,16.0269291948324
-12.062543705472,-13.9760912964948
-11.8752150804479,-12.4642943022577
-16.2705834317754,-8.75592877201314
-17.0957966287739,-9.9194017438306
-15.6908553148041,-9.76296685759265
11.4819409892111,19.1309847187835
13.5421456994837,17.7267202379042
-21.0069639153923,0.16527332937652
-20.9757548735021,-1.05169002403348
8.84006413459675,-18.4062876980242
6.11735414050675,-18.9601210813217
-5.31097310310551,-17.7110775957439
-5.07610724821233,-19.1018049697451
-4.18863275683268,-18.0130804698692
19.0845666298367,-9.52404183881097
19.6154643754345,-8.3078260089903
2.56592728379207,21.1469474740244
1.27984590137513,21.2583268278273
16.7659501843285,13.1406905632601
15.9346947758317,14.1285121314746
14.587131989118,13.6110222349366
-4.84271854338394,-20.471805509208
-3.64512814827899,-20.7631380033098
-7.15343515289744,-19.823930629137
-5.96505888965677,-20.1698026350827
-2.67567300488688,-18.3669438752385
-2.8826721207287,-19.7860647478918
-1.60457822367608,-18.7492007792598
-13.4141273508767,-16.4950974695451
-14.1248480523323,15.9300008600531
-14.8817678400222,-11.0559314127053
-16.0295554605781,-11.9535335585729
20.4746301772682,-4.8340331361036
20.7659249055929,-3.63120679005165
-19.564563626922,-3.70738981304658
-16.4944675310722,13.41259130874
-14.7390091442229,14.969313672802
-15.5773676509998,14.0867394832294
21.1545782140118,2.19021483155312
20.9836439173658,3.45349382031376
-2.57403336706819,-21.1453949073311
-1.30258801033607,-21.2594581926367
11.7106300936462,-18.1835054147771
19.8681070314206,1.5541164875954
16.7120848451186,4.12205719048909
-9.92333042319689,17.0932781308447
9.4338112606251,19.0776494599053
8.26487591708513,19.6228096510754
-14.0565546430237,-9.89245844088786
-14.9726680773126,-14.7357521080668
-14.0899831093083,-15.5748645520717
19.1026478169966,-5.07922418958205
20.1700206511525,-5.97083083972679
19.8258041331018,-7.16492037817301
0.165883687158147,21.0290637579486
0.692404475514625,19.9407473836289
-17.8994325577658,-11.0533913017964
-17.2582878218564,-12.1061640116691
-19.0750692892943,-8.96183262648547
-18.4791606747371,-10.0463532162169
-2.91053885978006,-16.9762165012372
-9.30037731218584,-17.6222774885577
-18.3226742865522,-7.97181093559809
-21.1462919337274,2.5703377992035
-21.25190226493,1.27879050628659
-19.8255855545113,7.14909075124625
-20.1712014804798,5.96069207205664
-19.9244691251558,0.69616977682041
18.2864661368573,-10.4653842465848
18.3189238246179,7.98292271551376
14.451258571548,-11.5650415735724
15.3078361770818,-10.2213486493514
-17.6885098778319,5.30810713124522
-19.1031821883768,5.07242729978964
-17.9905596615772,4.18606876272077
2.15729379428167,-21.2212899418873
3.42991580049902,-21.0643833033272
-0.189212726043001,-21.0644172529913
1.0305206628246,-21.0576805947106
19.9391797185218,-0.687946613599421
-7.32157942968186,-18.5893523984952
-11.3866879470403,-14.8963242139682
-10.3295031760736,-15.3044089421298
-20.4732512642252,4.83865370353218
-18.3410144678739,2.70330415630069
-19.7873197234079,2.88003794249783
-18.7231022191595,1.63295316753334
5.06805211301706,19.104298420517
13.4118099705341,16.5056706675357
12.3977316135586,17.2781460065765
12.5870849802067,-16.8225313929655
13.587571396776,-15.840823514746
3.75261927774577,-19.6801169392739
11.3385939477352,17.6843479659948
11.2082582187855,16.4632983956263
10.2924675944381,18.3161371078333
-16.9263421573289,2.93898398775627
-20.7642041824417,3.64068878797085
-18.4781638696219,0.519435990623264
-17.7145231877771,-5.33442311910833
-17.6460721952893,-6.47671711648696
9.29046421914923,17.6310127071166
7.31066768910176,18.5973813010652
-8.75539876596689,-16.297932909339
-8.92885858254734,-14.736689575724
-19.8509661085637,-1.54272840399751
15.104148273631,-14.6641951234839
13.551425701665,-14.2485322100917
-0.698202055224831,-19.9732807122678
1.54194636052531,-19.9418491197991
-18.4059606773587,-1.35432415514989
-18.5773960103042,-2.47970515905773
-12.9462686598583,-15.1292499019481
-0.491202939383013,-18.5541598396144
2.4409070392405,-18.6950716276305
3.52480682500388,-18.2697300999286
8.72503169855474,16.2940513492741
7.86637536474177,17.055563701346
-4.48355114444727,20.5228329710154
-5.67048695666432,20.229810955341
8.90417331176222,14.7309157079034
10.3282621661697,15.3063647136739
3.43141546222641,15.7002326622511
2.87417280950596,17.0055457487487
1.93465083101277,16.0749157735565
-1.35122653026332,18.4435602984603
-2.47676401570496,18.6026126260713
16.9737677305064,7.43719161588286
18.4278024162329,1.35810405586961
-0.451743571765983,17.2779325716122
0.477925219794981,18.5458565869022
-18.119558195717,-3.51898556419897
-5.89494117064515,19.036846674382
-3.71067494850167,19.567458382047
-8.76621358694487,16.2475118003718
-9.77289207589525,15.6680010370512
-7.97890854405955,18.3205772239038
5.1344771791078,-17.899410887734
3.82276494060254,-16.9143655760907
-11.0783758328899,14.8787446811818
14.3903976482273,12.1221068041301
13.4393585486899,12.7464167726588
19.7887619197997,-2.87218371348973
16.0250203347965,11.9601070700913
12.0717483344789,13.9892806378843
11.8750139935882,12.5003652070778
2.87647171144924,19.7881848757999
-3.51480625462099,18.140482039146
14.8772468943684,11.0955016078135
-17.6244853296257,9.2966026436131
11.1583939382496,-16.7861346231654
14.035634077705,9.94575549419872
-5.34956571202466,17.6916115544996
-6.49578969525211,17.6231304337598
-7.43353308543907,16.9753421040213
12.9517443870948,15.1462143198367
-6.08809307752898,14.6510106192476
-7.28309473813743,15.5500650102279
-7.42077357903479,13.9231803155981
5.28023246679343,17.7165500901926
4.15875708694324,18.0186109677677
-16.7273555711593,-4.10673846511948
-18.5910285365958,7.31768907339611
6.41531225610541,-17.6047565574838
-16.2998318684454,8.75266790987964
-17.0562712073799,7.89697774474467
-14.744810153709,8.93322555300699
8.04823340636408,-17.3073160528766
9.49010832345648,-17.0481369998294
10.3665632100169,-15.6871629780178
-16.9989226544823,-7.41726983913997
11.9278871448025,-13.8373050601614
13.4444640216575,-12.6606766688993
5.83594014243344,16.1747324904734
6.74523516850727,17.2604199432227
-17.2663750754156,6.77375433966265
9.17573636182989,-14.8426726226702
10.844021976623,-14.5806702460062
18.3673429757862,-2.67247893549652
18.7488475524735,-1.60223616302738
-7.89973271865961,-17.0545581221518
2.66199245572959,18.3932940790731
1.59188743401196,18.7751196567809
11.387399831993,14.9001627542556
15.5526508729695,7.29398181480292
6.04421770925721,14.7202704463551
4.57921500754338,15.176400593325
-8.61177849481189,13.4795683070418
-9.92125899663787,14.032978350709
-9.91726225180653,12.6903119511725
7.06535644496514,-16.246605859289
-17.2045937713624,-0.417540764436961
-16.153752548616,5.88739580259378
9.96444847171934,-8.22520146844094
11.5116746905601,-8.43235224171735
10.8889983050154,-7.12961869603532
1.31413390778342,-18.5314622804538
18.0229986234292,-4.16042123815929
12.8277200146854,-11.1538144236421
-6.77660088346291,-17.2650078192765
-5.88912639208326,-16.1762833194005
0.407757739332175,-17.3073823474458
-7.41677683420345,12.5805139160616
16.983084256103,-2.89047368769695
18.5177607745083,-0.488241835606217
-15.392539845667,3.50894603745596
-15.7429946519637,2.02618143103589
0.571419921909911,15.8770918925073
-1.25773182814839,15.7747956040654
-15.5939813405125,-7.26083495290202
-2.78505521111846,15.5351378365159
-1.76189171744257,14.134297157411
14.6686177338475,6.10008106667188
13.9446108084889,7.4401088984141
-4.11565477922795,16.7267657985239
-13.402147578596,-8.40414115491604
-12.5930601038141,-9.69710571002871
17.2374702501846,0.443814506441648
15.5893725672163,2.83104366433864
15.1539455204257,4.66294045691026
-14.9474901578485,-6.10405299195621
-14.2191509351416,-7.44271192482938
15.8304042227869,-0.574942467274568
15.7404458645115,1.27140342420126
14.1823065398186,1.81228669062242
15.6812220616396,-3.43256519486563
16.0255664139965,-1.94462289220286
-15.7569079893896,0.490740723804156
-15.6847047971265,-1.383019421969
6.01951271071481,-14.9115508757771
7.65243386097348,-14.6141103711699
-6.24592625142128,-14.8779747110993
-4.78029847106388,-15.3240444875666
-12.755656395932,-7.24735919397023
-12.4560721693049,-4.35147509787741
-13.714863733571,-4.90577644013593
-12.3138681882116,-5.73162862162504
14.8209912040753,-8.68726778940671
8.94589113225525,13.015615622866
7.3426606646403,14.0033022584662
14.5285420283235,-1.11703397444324
13.135369544216,-8.69747439881346
14.1218461837155,-7.32656285990498
4.9918181397025,-13.7172509178621
4.40474072369416,-15.3497464059811
-10.9413422083066,-3.47085948371102
-12.3423377536661,-2.64500730222191
12.860564876524,0.818837036602051
12.7094915792287,2.37847727673943
6.08593552975024,13.0049703613178
13.5459054559452,4.80906754052143
-3.52961983790681,-15.4684015746737
-2.01666008596101,-15.822264980043
11.5880512454448,10.7824021968303
10.2204410312338,12.0252660620558
-14.2231056777277,1.06070277350385
-10.7729814247927,11.5850485753808
-12.0386113285856,10.2198916254624
-13.0499480730393,8.93698820961955
-14.0367556655299,7.35680566762378
11.0399729833964,9.4661461157133
12.6945459457508,9.94124526073525
14.790814187586,-6.05352130303254
15.2064502176716,-4.58455117296329
-14.8659518159472,6.25606600424354
-15.2880866183635,4.79041879582611
-0.544208631123007,-15.9714406352105
1.26112821604343,-15.9487430760499
-14.1047391129983,3.87761623910572
-13.1710897352774,6.2598286608561
-11.496864831666,-6.69305785171171
-15.4947291468818,-2.90846191329921
-15.0896941389419,-4.72389946820857
-10.4951006016716,-7.71578962698325
-10.8916726942853,-9.24882684427021
-9.4481202565704,-8.75582804719657
-4.61981466852213,15.0862673518694
-4.75749350941949,13.4593826572396
-13.0543427583079,1.87106520346528
-13.0682560957338,0.335624496233551
11.601197365527,-0.381570415033702
13.0740123261169,-0.947761001150708
11.8353200402148,-6.16533247288163
13.1051925277267,-6.06372791243929
12.5042880440853,-4.8922909160092
-1.16328960924975,-14.4636257086471
-3.88641969724483,-14.1700929663725
-11.3305568404065,8.64347174007915
-0.731668711914873,12.6700938823151
-2.25899209488495,12.4304361147656
2.79507036959024,-15.7200656181756
1.84310399913505,-14.3841239059403
14.2489323755651,-3.63870037746919
12.7944026733586,-3.46942740417666
11.5245301858466,-3.571031964619
8.557855768914,9.6371813194216
8.65892838411186,11.2976526126186
7.28330586993547,10.6275308802318
11.4108533850067,2.82898340001046
12.7325950483013,3.82243305403083
8.34647116839276,6.30252731393721
8.48821279274625,7.88667460905143
7.04049163038412,7.38291229192059
3.63969302905018,14.2457706181328
-9.46350092296672,11.0316385317136
1.12866257463036,14.5717788060097
-7.72209526190856,10.9509717925963
-8.57781443489472,9.84570841680467
-8.91799462613168,-13.0341587045115
-7.343890216025,-14.0276826717207
-11.546079758713,-10.737144130242
-10.1738276709191,-12.0160154364992
11.2040251610295,-10.888692266546
12.21081971092,-9.79305717121908
-11.5421032163,2.59679517311672
-12.6969527982939,3.32187345038702
13.4875558156566,8.62949941308168
12.6035226765347,7.43559866495063
9.86383530692264,8.55679634143823
-6.23506229500561,-13.1754438398868
-8.58885930439671,-11.3070085324959
-1.92406185573745,-13.2875045339003
-0.451610400899447,-13.4366801890678
-3.32590015234265,-12.831374593625
-3.75620243146087,12.5618576940993
-5.22448084046773,12.1266009614775
12.2472672617232,5.25957366379245
-6.53109034613146,11.3945838011526
-5.52979926817284,10.4970588380122
0.83695232200398,-13.1613518708686
2.37089447555079,-12.9326744129943
9.86264471612271,-10.5908416048706
6.01570893852561,11.4801525503512
4.71726598314251,12.1971207382402
3.4332616300041,12.9202241371016
3.36303503877947,11.395406326135
-14.047043364909,-2.00018042505809
-12.5323134039107,-1.1195648108917
2.28546208468713,13.4440562060277
5.721170345514,-10.3774912999445
5.41365295108759,-12.1893752791485
6.91410752114955,-11.4671714084541
3.79888096406695,-12.6275708093525
-12.5924995709904,4.60334620875716
-9.74644434880581,8.46292345397342
-10.7577810932595,7.18002003813061
-4.57657878549972,-12.6870175065179
-5.67454275010344,-11.8367254671393
-8.4233771643289,-9.73026953640671
-7.16754411954152,-10.748412804419
-5.50906061003563,-10.2599864710502
2.79272928693588,-11.4047987742808
1.61131274001685,-10.3067935926789
3.03929922853301,-10.001689989037
0.922231175584278,13.2462323249785
0.0761800755162859,-11.9852306961218
11.4273850000609,6.52624889067556
10.9703300072286,7.71563940534314
-8.00503868774766,8.38225671485613
0.153846601544526,-10.7126970608658
10.288093821374,-5.95818169960522
-5.31618263589349,-8.63589886060811
-8.46210073599805,5.43215424737536
-10.1791909289724,5.52353758603167
-9.46762306331172,3.95622008138215
-11.3635504844909,-0.309202380930269
0.4251307981419,11.5423712823331
5.91463632332774,9.81968125715422
13.2691745173265,-2.317441426079
7.87237735085226,-12.4664017916381
8.17989474527866,-10.6545178124341
8.90437488642,-9.59161122168653
8.2816985008753,-8.2888776760045
-8.02680507171521,-8.19723231911975
5.6854807961844,6.76759184483126
4.53541660053518,6.31373151733403
1.95681726235907,10.6519619657919
10.6140745924171,5.53961440418496
-11.7633034205731,5.7040858721374
4.55962548912803,9.20436081006489
3.24082161549749,9.92885856693047
3.15340771270763,8.46091644972173
-6.75476516035855,5.16851469690059
-7.46633302601925,6.73583220155011
8.12989262757956,-13.5076176391584
-5.17697540020628,4.98672426713971
-6.17274311018509,3.68304631296496
10.1313373855757,-1.23821212514119
10.0737116187188,-4.4079782621722
10.3638262479921,-2.98511475033966
-6.57270307570635,-7.72516572224105
-5.20604486440693,9.16850406419351
-6.29770311210816,8.11861716438136
-4.66733920267852,7.52207955088749
-10.5656112293177,1.16155993713775
-10.0296685374947,-0.293629369987503
-5.35678295307955,2.1781585574976
-4.7752620604682,0.942687668235419
9.27237095571822,5.07674523257868
5.82722242053789,8.35173913994548
10.0922532173804,3.81007000569557
3.37881823865058,6.72754873923014
-4.14592893518811,6.03513605748773
-6.93457271323182,2.35994898725848
4.37920221546712,-9.74606840296746
5.87965678552908,-9.02386453227303
6.73886412172384,-7.90826038994636
-8.49113107632944,2.52098484540318
-10.2082212693038,2.61236818405949
